<?xml version="1.0" encoding="UTF-8"?>
<gmd:MD_Metadata xsi:schemaLocation="http://www.isotc211.org/2005/gmd ../schemas/iso19139fra/gmd/gmd.xsd" xmlns:fo="http://www.w3.org/1999/XSL/Format" xmlns:map="urn:brgm:mapping" xmlns:gmd="http://www.isotc211.org/2005/gmd" xmlns:xsi="http://www.w3.org/2001/XMLSchema-instance" xmlns:xlink="http://www.w3.org/1999/xlink" xmlns:gml="http://www.opengis.net/gml" xmlns:gts="http://www.isotc211.org/2005/gts" xmlns:gmx="http://www.isotc211.org/2005/gmx" xmlns:gfc="http://www.isotc211.org/2005/gfc" xmlns:gco="http://www.isotc211.org/2005/gco">
	<geosoft xmlns="http://www.geosoft.com/schema/geo">
		<dataset version="1">
			<title>US_bouguer</title>
			<file_format>Geosoft Grid</file_format>
			<project_name>g:\g284 - ddaniels\na_mag\northamerica_merge\final.gpf</project_name>
			<metadata_created_by>Stephen L Snyder</metadata_created_by>
			<metadata_creation_date>2010-12-14</metadata_creation_date>
			<georeference>
				<dataextents>
					<extent2d minx="-2574000" miny="2539000" maxx="2622000" maxy="5607000"/>
				</dataextents>
				<projection type="ALBERS_CONIC" name="NAD27 / *albers_dds9" projection="*albers_dds9" ellipsoid="Clarke 1866" datum="NAD27" radius="6378206.4" eccentricity="0.08227185422">
					<parameters false_east="0" false_north="0" lat_origin="0" lon_origin="-96" parallel1="29.5" parallel2="45.5"/>
					<units name="m" unit_scale="1"/>
				</projection>
			</georeference>
		</dataset>
	</geosoft>
	<gmd:identificationInfo>
		<gmd:MD_DataIdentification>
			<gmd:citation>
				<gmd:CI_Citation>
					<gmd:title>
						<gco:CharacterString>US_bouguer</gco:CharacterString>
					</gmd:title>
					<gmd:collectiveTitle>
						<gco:CharacterString>g:\g284 - ddaniels\na_mag\northamerica_merge\final.gpf</gco:CharacterString>
					</gmd:collectiveTitle>
				</gmd:CI_Citation>
			</gmd:citation>
			<gmd:resourceFormat>
				<gmd:MD_Format>
					<gmd:name>
						<gco:CharacterString>Geosoft Grid</gco:CharacterString>
					</gmd:name>
				</gmd:MD_Format>
			</gmd:resourceFormat>
			<gmd:extent>
				<gmd:EX_Extent>
					<gmd:geographicElement>
						<gmd:EX_GeographicBoundingBox>
							<gmd:westBoundLongitude>
								<gco:Decimal>-130.94782068274796</gco:Decimal>
							</gmd:westBoundLongitude>
							<gmd:eastBoundLongitude>
								<gco:Decimal>-60.459096002975365</gco:Decimal>
							</gmd:eastBoundLongitude>
							<gmd:southBoundLatitude>
								<gco:Decimal>21.462835826393839</gco:Decimal>
							</gmd:southBoundLatitude>
							<gmd:northBoundLatitude>
								<gco:Decimal>52.300756895159985</gco:Decimal>
							</gmd:northBoundLatitude>
						</gmd:EX_GeographicBoundingBox>
					</gmd:geographicElement>
				</gmd:EX_Extent>
			</gmd:extent>
		</gmd:MD_DataIdentification>
	</gmd:identificationInfo>
	<gmd:contact>
		<gmd:CI_ResponsibleParty>
			<gmd:individualName>
				<gco:CharacterString>Stephen L Snyder</gco:CharacterString>
			</gmd:individualName>
		</gmd:CI_ResponsibleParty>
	</gmd:contact>
	<gmd:dateStamp>
		<gco:Date>2010-12-14</gco:Date>
	</gmd:dateStamp>
	<gmd:referenceSystemInfo>
		<gmd:MD_ReferenceSystem>
			<gmd:referenceSystemIdentifier>
				<gmd:RS_Identifier>
					<gmd:codeSpace>
						<gco:CharacterString>ESRI</gco:CharacterString>
					</gmd:codeSpace>
					<gmd:code>
						<gco:CharacterString>PROJCS["albers_dds9",GEOGCS["GCS_North_American_1927",DATUM["D_North_American_1927",SPHEROID["Clarke_1866",6378206.4,294.978698235482]],PRIMEM["Greenwich",0],UNIT["Degree",0.0174532925199432955]],PROJECTION["Albers"],PARAMETER["False_Easting",0],PARAMETER["False_Northing",0],PARAMETER["Central_Meridian",-96],PARAMETER["Standard_Parallel_1",29.5],PARAMETER["Standard_Parallel_2",45.5],PARAMETER["Latitude_Of_Origin",0],UNIT["Meter",1]]</gco:CharacterString>
					</gmd:code>
					<gmd:version>
						<gco:CharacterString>1</gco:CharacterString>
					</gmd:version>
				</gmd:RS_Identifier>
			</gmd:referenceSystemIdentifier>
		</gmd:MD_ReferenceSystem>
	</gmd:referenceSystemInfo>
</gmd:MD_Metadata>