Index,PointID,SiteID,Latitude,Longitude,HorizontalDatum,Elevation (feet above sea level),VerticalDatum
1,AR-0209,N/A,36.83826,-107.9922,WGS84,5642.32,NAVD88
2,AR-0214,N/A,36.75973,-108.20093,WGS84,5555.35,NAVD88
3,BC-0001,N/A,34.96342,-106.30975,WGS84,7437.99,N/A
4,BC-0002,N/A,34.95595,-106.30838,WGS84,7410.99,N/A
5,BC-0003,N/A,35.08595,-106.39149,WGS84,6527.00,N/A
6,BC-0004,N/A,35.08752,-106.38849,WGS84,6610.99,N/A
7,BC-0005,N/A,35.08707,-106.38847,WGS84,6591.01,N/A
8,BC-0006,N/A,35.12249,-106.37327,WGS84,6781.00,N/A
9,BC-0007,N/A,35.12475,-106.37318,WGS84,6833.01,N/A
10,BC-0008,350726106222701,35.1241,-106.37482,WGS84,6818.01,N/A
11,BC-0009,N/A,35.12779,-106.37504,WGS84,6893.01,N/A
12,BC-0010,N/A,35.1277,-106.37513,WGS84,6889.99,N/A
13,BC-0011,350726106222301,35.12402,-106.37357,WGS84,6812.99,N/A
14,BC-0012,350726106223101,35.12391,-106.37564,WGS84,6812.01,N/A
15,BC-0013,350728106222301,35.12438,-106.37353,WGS84,6824.02,N/A
16,BC-0014,N/A,35.06902,-106.44325,WGS84,6106.00,N/A
17,BC-0015,N/A,35.05639,-106.46659,WGS84,5844.00,N/A
18,BC-0016,N/A,35.05913,-106.46384,WGS84,5818.01,N/A
19,BC-0017,N/A,35.06848,-106.44324,WGS84,6087.01,N/A
20,BC-0018,N/A,35.07372,-106.44293,WGS84,6243.01,N/A
21,BC-0019,N/A,35.06902,-106.44319,WGS84,6104.99,N/A
22,BC-0020,N/A,35.06723,-106.44226,WGS84,6043.01,N/A
23,BC-0022,N/A,35.0592,-106.46539,WGS84,5789.01,N/A
24,BC-0023,350357106262801,35.06589,-106.44159,WGS84,6004.99,N/A
25,BC-0024,350405106263501,35.06794,-106.44353,WGS84,6077.00,N/A
26,BC-0025,N/A,35.07469,-106.44463,WGS84,6266.01,N/A
27,BC-0026,N/A,35.06652,-106.44142,WGS84,6027.99,N/A
28,BC-0027,N/A,35.1363,-106.34836,WGS84,7125.98,N/A
29,BC-0028,N/A,35.14805,-106.30419,WGS84,6702.99,N/A
30,BC-0029,N/A,35.1456,-106.30563,WGS84,6749.02,N/A
31,BC-0030,N/A,35.1456,-106.30555,WGS84,6748.00,N/A
32,BC-0031,N/A,35.15181,-106.30698,WGS84,6706.00,N/A
33,BC-0032,N/A,35.15045,-106.28238,WGS84,6869.00,N/A
34,BC-0033,N/A,35.14865,-106.28219,WGS84,6850.98,N/A
35,BC-0034,350531106224301,35.09186,-106.37909,WGS84,6477.99,N/A
36,BC-0035,N/A,35.14554,-106.2865,WGS84,6812.01,N/A
37,BC-0036,N/A,35.10951,-106.34065,WGS84,6775.98,N/A
38,BC-0037,N/A,35.13667,-106.34694,WGS84,7116.99,N/A
39,BC-0038,N/A,35.12213,-106.3245,WGS84,6752.99,N/A
40,BC-0039,N/A,35.14791,-106.3176,WGS84,6881.00,N/A
41,BC-0040,N/A,35.13686,-106.28838,WGS84,6849.02,N/A
42,BC-0041,N/A,35.15123,-106.33484,WGS84,6825.98,N/A
43,BC-0042,N/A,35.14061,-106.30013,WGS84,6795.01,N/A
44,BC-0043,N/A,35.14486,-106.34856,WGS84,6987.99,N/A
45,BC-0044,N/A,35.11467,-106.30596,WGS84,6860.99,N/A
46,BC-0045,N/A,35.11894,-106.30272,WGS84,6904.00,N/A
47,BC-0046,N/A,35.11344,-106.33635,WGS84,6812.01,N/A
48,BC-0047,N/A,35.14724,-106.28693,WGS84,6837.01,N/A
49,BC-0048,N/A,35.15172,-106.34788,WGS84,6973.00,N/A
50,BC-0049,N/A,35.16887,-106.32983,WGS84,6687.99,N/A
51,BC-0050,N/A,35.14594,-106.34087,WGS84,6902.00,N/A
52,BC-0051,N/A,35.13555,-106.34223,WGS84,6941.01,N/A
53,BC-0052,N/A,35.15095,-106.32,WGS84,6858.01,N/A
54,BC-0053,N/A,35.11575,-106.30594,WGS84,6850.98,N/A
55,BC-0054,N/A,35.12947,-106.3044,WGS84,6875.98,N/A
56,BC-0055,N/A,35.1033,-106.3559,WGS84,6558.01,N/A
57,BC-0056,N/A,35.13644,-106.33582,WGS84,6958.01,N/A
58,BC-0057,N/A,35.13458,-106.34018,WGS84,6910.01,N/A
59,BC-0058,N/A,35.11159,-106.34072,WGS84,6669.00,N/A
60,BC-0059,N/A,35.14806,-106.30352,WGS84,6708.01,N/A
61,BC-0060,N/A,35.16696,-106.33096,WGS84,6694.00,N/A
62,BC-0061,N/A,35.13578,-106.33807,WGS84,6922.01,N/A
63,BC-0062,N/A,35.14033,-106.30098,WGS84,6785.01,N/A
64,BC-0063,N/A,35.13137,-106.32899,WGS84,6856.00,N/A
65,BC-0064,N/A,35.13027,-106.32284,WGS84,6777.99,N/A
66,BC-0065,N/A,35.12774,-106.32278,WGS84,6820.01,N/A
67,BC-0066,N/A,35.10298,-106.35283,WGS84,6562.99,N/A
68,BC-0067,N/A,35.14449,-106.29164,WGS84,6777.00,N/A
69,BC-0068,N/A,35.16714,-106.33174,WGS84,6702.00,N/A
70,BC-0069,N/A,35.16966,-106.3314,WGS84,6700.00,N/A
71,BC-0070,N/A,35.1507,-106.33416,WGS84,6802.00,N/A
72,BC-0071,N/A,35.15116,-106.34121,WGS84,6972.01,N/A
73,BC-0072,N/A,35.14806,-106.30352,WGS84,6708.01,N/A
74,BC-0073,N/A,35.14956,-106.36395,WGS84,7000.00,N/A
75,BC-0074,N/A,35.16957,-106.34791,WGS84,6864.01,N/A
76,BC-0075,N/A,35.13343,-106.37097,WGS84,6906.00,N/A
77,BC-0076,N/A,35.13232,-106.37291,WGS84,7008.99,N/A
78,BC-0077,N/A,35.14215,-106.37353,WGS84,7119.00,N/A
79,BC-0078,N/A,35.1448,-106.37037,WGS84,7025.98,N/A
80,BC-0079,N/A,35.1448,-106.37043,WGS84,7025.00,N/A
81,BC-0080,N/A,35.15116,-106.36592,WGS84,7062.99,N/A
82,BC-0081,N/A,35.15116,-106.36591,WGS84,7062.99,N/A
83,BC-0082,N/A,35.16899,-106.36749,WGS84,7100.98,N/A
84,BC-0083,350901106214201,35.15029,-106.3628,WGS84,6985.99,N/A
85,BC-0084,N/A,35.16804,-106.34747,WGS84,6850.00,N/A
86,BC-0085,N/A,35.16669,-106.34774,WGS84,6839.99,N/A
87,BC-0086,N/A,35.14525,-106.36982,WGS84,7025.00,N/A
88,BC-0087,N/A,35.13815,-106.36802,WGS84,6902.00,N/A
89,BC-0088,N/A,35.16998,-106.35196,WGS84,6931.99,N/A
90,BC-0089,N/A,35.13101,-106.36967,WGS84,6900.00,N/A
91,BC-0090,N/A,35.13521,-106.37287,WGS84,6949.02,N/A
92,BC-0091,N/A,35.13081,-106.37093,WGS84,6987.01,N/A
93,BC-0092,N/A,35.09606,-106.38235,WGS84,6558.99,N/A
94,BC-0093,N/A,35.13343,-106.37097,WGS84,6906.00,N/A
95,BC-0094,N/A,35.16952,-106.36896,WGS84,7129.99,N/A
96,BC-0095,N/A,35.17022,-106.37023,WGS84,7166.99,N/A
97,BC-0096,N/A,35.16884,-106.34848,WGS84,6866.99,N/A
98,BC-0097,N/A,35.16868,-106.34729,WGS84,6852.99,N/A
99,BC-0098,350930106210701,35.15825,-106.35257,WGS84,6877.00,N/A
100,BC-0099,351011106220401,35.16952,-106.36896,WGS84,7129.99,N/A
101,BC-0100,N/A,35.10254,-106.38345,WGS84,6725.98,N/A
102,BC-0101,N/A,35.16569,-106.34795,WGS84,6852.99,N/A
103,BC-0102,N/A,34.98535,-106.3249,WGS84,7560.99,N/A
104,BC-0103,N/A,35.01132,-106.25673,WGS84,7058.99,N/A
105,BC-0104,N/A,34.99181,-106.26024,WGS84,7231.99,N/A
106,BC-0105,N/A,35.07994,-106.37327,WGS84,6443.01,N/A
107,BC-0106,N/A,34.98687,-106.30971,WGS84,7466.01,N/A
108,BC-0107,N/A,34.99616,-106.25774,WGS84,7158.01,N/A
109,BC-0108,N/A,34.88859,-106.23145,WGS84,6798.00,N/A
110,BC-0109,N/A,34.95672,-106.28687,WGS84,7262.99,N/A
111,BC-0110,N/A,35.03197,-106.29114,WGS84,7091.01,N/A
112,BC-0111,N/A,35.10196,-106.34698,WGS84,6531.99,N/A
113,BC-0112,N/A,34.96984,-106.30026,WGS84,7277.00,N/A
114,BC-0113,N/A,35.07881,-106.38457,WGS84,6320.01,N/A
115,BC-0114,N/A,34.97702,-106.34418,WGS84,7498.00,N/A
116,BC-0115,N/A,34.97729,-106.34465,WGS84,7512.99,N/A
117,BC-0116,N/A,34.93433,-106.30641,WGS84,7446.00,N/A
118,BC-0117,N/A,34.95196,-106.33545,WGS84,7396.00,N/A
119,BC-0118,N/A,35.0221,-106.35303,WGS84,7077.99,N/A
120,BC-0119,N/A,34.94429,-106.32006,WGS84,7648.00,N/A
121,BC-0120,N/A,34.9863,-106.34498,WGS84,7712.01,N/A
122,BC-0121,N/A,34.95376,-106.34446,WGS84,7324.02,N/A
123,BC-0122,N/A,34.95282,-106.29782,WGS84,7360.99,N/A
124,BC-0123,N/A,35.0682,-106.45932,WGS84,5991.01,N/A
125,BC-0124,N/A,35.0718,-106.45986,WGS84,6135.01,N/A
126,BC-0125,N/A,35.07133,-106.46117,WGS84,6116.99,N/A
127,BC-0126,N/A,35.0698,-106.46167,WGS84,6058.01,N/A
128,BC-0127,N/A,35.07035,-106.46092,WGS84,6070.01,N/A
129,BC-0128,N/A,35.09066,-106.30891,WGS84,7112.99,N/A
130,BC-0129,N/A,35.16642,-106.47142,WGS84,6427.99,N/A
131,BC-0130,N/A,34.99442,-106.26939,WGS84,7262.99,N/A
132,BC-0131,N/A,35.02085,-106.33535,WGS84,7306.00,N/A
133,BC-0132,N/A,35.16593,-106.33501,WGS84,6739.99,N/A
134,BC-0133,N/A,35.15348,-106.29422,WGS84,6972.01,N/A
135,BC-0134,N/A,35.15325,-106.29862,WGS84,6858.01,N/A
136,BC-0135,N/A,35.15234,-106.29969,WGS84,6808.01,N/A
137,BC-0136,N/A,35.15616,-106.29673,WGS84,6824.02,N/A
138,BC-0137,N/A,35.18512,-106.54082,WGS84,5589.01,N/A
139,BC-0138,N/A,35.19777,-106.56005,WGS84,5369.00,N/A
140,BC-0139,N/A,35.1605,-106.4984,WGS84,6025.98,N/A
141,BC-0141,N/A,35.19525,-106.55278,WGS84,5443.01,N/A
142,BC-0142,N/A,35.1952,-106.55665,WGS84,5406.99,N/A
143,BC-0143,N/A,35.19611,-106.55611,WGS84,5410.99,N/A
144,BC-0144,N/A,35.19323,-106.55539,WGS84,5423.00,N/A
145,BC-0145,N/A,35.19682,-106.56375,WGS84,5333.01,N/A
146,BC-0146,N/A,35.19686,-106.56093,WGS84,5358.99,N/A
147,BC-0147,N/A,35.14966,-106.35513,WGS84,7079.99,N/A
148,BC-0148,N/A,35.14881,-106.35018,WGS84,6970.01,N/A
149,BC-0149,N/A,35.15938,-106.36403,WGS84,7089.99,N/A
150,BC-0150,N/A,35.15389,-106.36345,WGS84,7064.01,N/A
151,BC-0151,N/A,35.15829,-106.32428,WGS84,6673.00,N/A
152,BC-0152,N/A,35.15811,-106.32442,WGS84,6675.98,N/A
153,BC-0153,N/A,35.15409,-106.32916,WGS84,6737.99,N/A
154,BC-0154,N/A,35.15645,-106.31967,WGS84,6691.99,N/A
155,BC-0155,N/A,35.15921,-106.29746,WGS84,6958.99,N/A
156,BC-0156,350949106184501,35.16248,-106.31221,WGS84,6704.00,N/A
157,BC-0157,N/A,35.15704,-106.30679,WGS84,6749.02,N/A
158,BC-0158,N/A,35.15809,-106.30996,WGS84,6760.99,N/A
159,BC-0159,N/A,35.16271,-106.36479,WGS84,7137.01,N/A
160,BC-0160,350949106211801,35.1629,-106.35602,WGS84,6966.99,N/A
161,BC-0161,N/A,35.17008,-106.3666,WGS84,7141.01,N/A
162,BC-0162,N/A,35.16183,-106.35529,WGS84,6974.02,N/A
163,BC-0163,N/A,35.16847,-106.36576,WGS84,7071.00,N/A
164,BC-0164,N/A,35.23843,-106.32294,WGS84,6423.00,N/A
165,BC-0165,N/A,35.22014,-106.33527,WGS84,6652.99,N/A
166,BC-0166,351358106202701,35.23291,-106.34125,WGS84,6570.01,NAVD88
167,BC-0167,N/A,35.10639,-106.32967,WGS84,6885.99,N/A
168,BC-0168,N/A,35.09937,-106.32791,WGS84,6804.99,N/A
169,BC-0169,N/A,35.10412,-106.32264,WGS84,6975.98,N/A
170,BC-0170,N/A,35.10785,-106.3275,WGS84,6852.99,N/A
171,BC-0171,N/A,35.1057,-106.32625,WGS84,6943.01,N/A
172,BC-0172,N/A,35.10957,-106.32754,WGS84,6829.99,N/A
173,BC-0173,N/A,35.10448,-106.32276,WGS84,6966.01,N/A
174,BC-0174,N/A,35.10301,-106.33326,WGS84,6852.00,N/A
175,BC-0175,N/A,35.11,-106.32917,WGS84,6804.00,N/A
176,BC-0176,N/A,35.10657,-106.32968,WGS84,6877.99,N/A
177,BC-0177,N/A,35.10552,-106.32668,WGS84,6933.01,N/A
178,BC-0178,N/A,35.10444,-106.32641,WGS84,6952.00,N/A
179,BC-0179,N/A,35.10355,-106.32514,WGS84,6999.02,N/A
180,BC-0180,N/A,35.10401,-106.32451,WGS84,6979.00,N/A
181,BC-0181,N/A,35.10457,-106.32274,WGS84,6964.01,N/A
182,BC-0182,N/A,35.10575,-106.32251,WGS84,6933.99,N/A
183,BC-0183,N/A,35.1031,-106.3249,WGS84,7010.99,N/A
184,BC-0184,N/A,35.1052,-106.32322,WGS84,6935.01,N/A
185,BC-0185,N/A,35.10364,-106.3255,WGS84,6989.01,N/A
186,BC-0186,N/A,35.10302,-106.32428,WGS84,7014.01,N/A
187,BC-0187,N/A,35.10347,-106.32482,WGS84,7004.00,N/A
188,BC-0189,N/A,34.99772,-106.32357,WGS84,7691.99,N/A
189,BC-0190,N/A,35.1437,-106.36379,WGS84,6975.98,N/A
190,BC-0191,N/A,35.14443,-106.36323,WGS84,6979.00,N/A
191,BC-0192,N/A,35.21481,-106.36583,WGS84,6923.00,N/A
192,BC-0193,N/A,35.15645,-106.34404,WGS84,6875.00,N/A
193,BC-0194,N/A,35.15645,-106.34394,WGS84,6875.00,N/A
194,BC-0195,N/A,35.15151,-106.35021,WGS84,7028.67,N/A
195,BC-0196,N/A,35.07034,-106.46094,WGS84,6070.05,N/A
196,BC-0197,N/A,35.11635,-106.30872,WGS84,6890.72,N/A
197,BC-0198,N/A,34.97853,-106.32153,WGS84,7516.47,N/A
198,BC-0199,N/A,35.09603,-106.36968,WGS84,6443.54,N/A
199,BC-0200,N/A,34.98549,-106.26075,WGS84,7257.28,N/A
200,BC-0201,N/A,35.16268,-106.34311,WGS84,6811.65,N/A
201,BC-0202,N/A,35.14091,-106.25482,WGS84,6914.57,N/A
202,BC-0203,N/A,34.93916,-106.29371,WGS84,7484.68,N/A
203,BC-0204,N/A,35.11798,-106.37326,WGS84,6729.43,N/A
204,BC-0205,N/A,35.09873,-106.36153,WGS84,6466.37,N/A
205,BC-0206,N/A,35.03521,-106.34176,WGS84,7154.30,N/A
206,BC-0207,N/A,35.03909,-106.3411,WGS84,7166.37,N/A
207,BC-0208,N/A,35.14827,-106.3499,WGS84,6964.37,N/A
208,BC-0209,N/A,35.12281,-106.35339,WGS84,6971.39,N/A
209,BC-0210,N/A,35.16523,-106.35742,WGS84,6943.50,N/A
210,BC-0211,N/A,35.16307,-106.34916,WGS84,6880.68,N/A
211,BC-0212,N/A,35.08793,-106.39966,WGS84,6698.75,N/A
212,BC-0213,N/A,35.14213,-106.26769,WGS84,6864.63,N/A
213,BC-0214,N/A,34.9606,-106.25203,WGS84,7070.54,N/A
214,BC-0215,N/A,35.05538,-106.29424,WGS84,7194.72,N/A
215,BC-0216,N/A,35.11212,-106.30855,WGS84,6836.78,N/A
216,BC-0217,N/A,35.10453,-106.38296,WGS84,6725.82,N/A
217,BC-0218,N/A,35.07696,-106.38924,WGS84,6276.05,N/A
218,BC-0219,N/A,35.07687,-106.38946,WGS84,6278.02,N/A
219,BC-0220,N/A,35.0767,-106.38851,WGS84,6287.34,N/A
220,BC-0221,N/A,35.16396,-106.34146,WGS84,6799.34,N/A
221,BC-0222,N/A,35.12312,-106.37363,WGS84,6793.64,N/A
222,BC-0223,N/A,35.15107,-106.36542,WGS84,7051.51,N/A
223,BC-0224,N/A,35.16278,-106.36688,WGS84,7116.57,N/A
224,BC-0225,N/A,35.1697,-106.36826,WGS84,7126.12,N/A
225,BC-0226,N/A,35.20776,-106.35992,WGS84,7014.90,N/A
226,BC-0227,N/A,35.15153,-106.30782,WGS84,6700.82,N/A
227,BC-0228,N/A,35.14309,-106.27035,WGS84,6845.93,N/A
228,BC-0229,N/A,35.06918,-106.46006,WGS84,6027.03,N/A
229,BC-0230,N/A,35.08502,-106.38638,WGS84,6452.53,N/A
230,BC-0231,N/A,35.10578,-106.32785,WGS84,6894.78,N/A
231,BC-0232,N/A,35.11592,-106.30747,WGS84,6846.33,N/A
232,BC-0233,N/A,35.16686,-106.36463,WGS84,7066.44,N/A
233,BC-0234,N/A,35.11065,-106.36848,WGS84,6778.54,N/A
234,BC-0235,N/A,35.10987,-106.37318,WGS84,6606.20,N/A
235,BC-0236,N/A,35.15928,-106.36501,WGS84,7098.20,N/A
236,BC-0237,N/A,35.16151,-106.34312,WGS84,6794.36,N/A
237,BC-0238,N/A,35.16433,-106.34115,WGS84,6799.77,N/A
238,BC-0239,N/A,35.10654,-106.32405,WGS84,6859.28,N/A
239,BC-0240,N/A,35.09998,-106.34698,WGS84,6614.34,N/A
240,BC-0241,N/A,35.16905,-106.49983,WGS84,6031.23,N/A
241,BC-0242,N/A,35.06811,-106.45931,WGS84,5992.39,N/A
242,BC-0243,N/A,35.06794,-106.44357,WGS84,6077.13,N/A
243,BC-0244,N/A,35.10207,-106.32862,WGS84,6773.79,N/A
244,BC-0245,N/A,35.12611,-106.37996,WGS84,6932.61,N/A
245,BC-0246,N/A,35.16515,-106.34817,WGS84,6859.68,N/A
246,BC-0247,N/A,35.1636,-106.34131,WGS84,6797.41,N/A
247,BC-0248,N/A,35.16415,-106.34125,WGS84,6797.64,N/A
248,BC-0249,N/A,35.01038,-106.34487,WGS84,7265.85,N/A
249,BC-0250,N/A,35.10503,-106.38685,WGS84,6820.14,N/A
250,BC-0251,N/A,35.11721,-106.37785,WGS84,6805.18,N/A
251,BC-0252,N/A,35.11664,-106.3807,WGS84,6871.10,N/A
252,BC-0253,N/A,35.11643,-106.38299,WGS84,6998.06,N/A
253,BC-0254,N/A,35.14865,-106.35638,WGS84,7114.67,N/A
254,BC-0255,N/A,35.14956,-106.36394,WGS84,7000.59,N/A
255,BC-0256,N/A,35.15152,-106.33342,WGS84,6789.47,N/A
256,BC-0257,N/A,35.05284,-106.46928,WGS84,5961.94,N/A
257,BC-0258,N/A,35.0673,-106.45952,WGS84,5946.72,N/A
258,BC-0259,N/A,35.07134,-106.46075,WGS84,6113.55,N/A
259,BC-0260,N/A,35.12002,-106.32019,WGS84,6909.94,N/A
260,BC-0261,N/A,35.11353,-106.36083,WGS84,6688.85,N/A
261,BC-0262,N/A,34.95259,-106.24254,WGS84,7090.35,N/A
262,BC-0263,N/A,34.96697,-106.30658,WGS84,7352.79,N/A
263,BC-0264,N/A,34.99186,-106.31482,WGS84,7527.82,N/A
264,BC-0265,N/A,35.186,-106.61876,WGS84,4999.18,N/A
265,BC-0266,N/A,35.05632,-106.4651,WGS84,5906.99,N/A
266,BC-0267,N/A,35.12921,-106.36887,WGS84,6871.00,N/A
267,BC-0268,N/A,35.13345,-106.3773,WGS84,7079.99,N/A
268,BC-0269,N/A,35.13309,-106.37739,WGS84,7083.99,N/A
269,BC-0270,N/A,35.13406,-106.37913,WGS84,7118.01,N/A
270,BC-0271,N/A,35.13223,-106.3733,WGS84,7031.00,N/A
271,BC-0272,N/A,35.13212,-106.37544,WGS84,7050.00,N/A
272,BC-0273,N/A,34.95937,-106.30879,WGS84,7333.99,N/A
273,BC-0274,N/A,35.06001,-106.44303,WGS84,5889.99,N/A
274,BC-0275,N/A,35.06852,-106.44776,WGS84,6087.99,N/A
275,BC-0276,N/A,35.05916,-106.44597,WGS84,5879.99,N/A
276,BC-0277,N/A,35.05864,-106.45937,WGS84,5897.01,N/A
277,BC-0278,N/A,35.06001,-106.45829,WGS84,5847.01,N/A
278,BC-0279,N/A,35.05946,-106.45918,WGS84,5860.99,N/A
279,BC-0280,N/A,35.0572,-106.45958,WGS84,5939.99,N/A
280,BC-0281,N/A,35.06377,-106.44548,WGS84,5977.00,N/A
281,BC-0282,N/A,35.07083,-106.44335,WGS84,6171.00,N/A
282,BC-0283,N/A,35.14436,-106.28707,WGS84,6802.99,N/A
283,BC-0284,N/A,35.11626,-106.3418,WGS84,6670.01,N/A
284,BC-0285,N/A,35.13,-106.30624,WGS84,6877.00,N/A
285,BC-0286,N/A,35.10487,-106.35272,WGS84,6641.99,N/A
286,BC-0287,N/A,35.13426,-106.33655,WGS84,7014.01,N/A
287,BC-0288,N/A,35.11445,-106.33438,WGS84,6866.99,N/A
288,BC-0289,N/A,35.09105,-106.3788,WGS84,6471.00,N/A
289,BC-0290,N/A,35.13966,-106.30435,WGS84,6808.99,N/A
290,BC-0291,N/A,35.16544,-106.32175,WGS84,6660.99,N/A
291,BC-0292,N/A,35.12281,-106.32906,WGS84,6783.01,N/A
292,BC-0293,N/A,35.10469,-106.36888,WGS84,6577.00,N/A
293,BC-0294,N/A,35.15307,-106.35652,WGS84,6944.00,N/A
294,BC-0295,N/A,35.14899,-106.31708,WGS84,6891.01,N/A
295,BC-0296,N/A,35.16796,-106.34683,WGS84,6858.99,N/A
296,BC-0297,N/A,35.16375,-106.36094,WGS84,7110.01,N/A
297,BC-0298,N/A,35.17,-106.35043,WGS84,6918.01,N/A
298,BC-0299,N/A,35.15582,-106.36008,WGS84,7041.99,N/A
299,BC-0300,N/A,35.16656,-106.35955,WGS84,7006.00,N/A
300,BC-0301,N/A,35.16988,-106.35301,WGS84,6985.01,N/A
301,BC-0302,N/A,35.17023,-106.35334,WGS84,6993.01,N/A
302,BC-0303,N/A,35.1082,-106.3772,WGS84,6689.99,N/A
303,BC-0304,N/A,35.1082,-106.37716,WGS84,6689.01,N/A
304,BC-0305,N/A,34.99213,-106.25508,WGS84,7166.01,N/A
305,BC-0306,N/A,34.99747,-106.3293,WGS84,7456.00,N/A
306,BC-0307,N/A,34.94928,-106.29192,WGS84,7379.00,N/A
307,BC-0308,N/A,35.14691,-106.33455,WGS84,7458.99,N/A
308,BC-0309,N/A,35.09662,-106.30795,WGS84,7025.98,N/A
309,BC-0310,N/A,34.99282,-106.31745,WGS84,7579.99,N/A
310,BC-0311,N/A,34.9952,-106.31407,WGS84,7581.00,N/A
311,BC-0312,N/A,34.99427,-106.3175,WGS84,7595.01,N/A
312,BC-0313,N/A,34.99139,-106.31673,WGS84,7581.99,N/A
313,BC-0314,N/A,34.99427,-106.31744,WGS84,7527.82,N/A
314,BC-0315,N/A,35.20139,-106.62773,WGS84,5006.99,N/A
315,BC-0316,N/A,35.14691,-106.35858,WGS84,7106.99,N/A
316,BC-0317,N/A,35.13467,-106.34052,WGS84,6927.99,N/A
317,BC-0318,N/A,34.99854,-106.72439,WGS84,4972.01,N/A
318,BC-0319,N/A,34.99846,-106.72426,WGS84,4972.01,N/A
319,BC-0320,N/A,35.16524,-106.31524,WGS84,6697.01,N/A
320,BC-0321,N/A,35.23216,-106.36227,WGS84,6660.01,N/A
321,BC-0322,N/A,35.24073,-106.36216,WGS84,6729.99,N/A
322,BC-0323,N/A,35.10217,-106.32833,WGS84,6783.73,N/A
323,BC-0324,N/A,35.10235,-106.32802,WGS84,6849.02,N/A
324,BC-0325,N/A,35.10694,-106.32913,WGS84,6849.02,N/A
325,BC-0326,N/A,35.1042,-106.33205,WGS84,6883.99,N/A
326,BC-0327,N/A,35.10479,-106.32782,WGS84,6908.99,N/A
327,BC-0328,N/A,35.10535,-106.33392,WGS84,6812.99,N/A
328,BC-0329,N/A,35.10746,-106.33095,WGS84,6841.01,N/A
329,BC-0330,N/A,35.09972,-106.33737,WGS84,6677.99,N/A
330,BC-0331,N/A,35.17481,-106.33933,WGS84,6808.01,N/A
331,BC-0332,N/A,35.15863,-106.343,WGS84,6846.00,N/A
332,BC-0333,N/A,35.24334,-106.33006,WGS84,6458.99,N/A
333,BC-0334,N/A,34.98716,-106.29338,WGS84,7372.01,N/A
334,BC-0335,N/A,34.98312,-106.3021,WGS84,7439.99,N/A
335,BC-0336,N/A,35.09401,-106.36161,WGS84,6691.01,N/A
336,BC-0337,N/A,35.09345,-106.36097,WGS84,6683.01,N/A
337,BC-0338,N/A,35.0935,-106.36092,WGS84,6681.99,N/A
338,BC-0339,N/A,35.06775,-106.44449,WGS84,6079.99,N/A
339,BC-0340,N/A,35.05914,-106.46717,WGS84,5777.00,N/A
340,BC-0341,N/A,35.14275,-106.36114,WGS84,7029.99,N/A
341,BC-0342,N/A,35.1246,-106.33427,WGS84,6739.01,N/A
342,BC-0343,N/A,35.16975,-106.35985,WGS84,7087.99,N/A
343,BC-0344,N/A,35.16997,-106.36,WGS84,7098.00,N/A
344,BC-0345,N/A,35.13698,-106.36932,WGS84,6927.00,N/A
345,BC-0346,N/A,35.1668,-106.34909,WGS84,6877.99,N/A
346,BC-0347,N/A,35.07884,-106.37487,WGS84,6445.01,N/A
347,BC-0348,N/A,34.9773,-106.3294,WGS84,7452.00,N/A
348,BC-0349,N/A,35.15966,-106.32426,WGS84,6708.01,N/A
349,BC-0350,N/A,35.09296,-106.30048,WGS84,7016.99,N/A
350,BC-0351,N/A,35.02022,-106.33806,WGS84,7300.00,N/A
351,BC-0352,N/A,35.18785,-106.51202,WGS84,5902.00,N/A
352,BC-0353,N/A,35.15769,-106.35424,WGS84,6925.98,N/A
353,BC-0354,N/A,35.15712,-106.35586,WGS84,6977.99,N/A
354,BC-0355,N/A,35.15932,-106.35464,WGS84,6927.99,N/A
355,BC-0356,N/A,35.14048,-106.35259,WGS84,6969.00,N/A
356,BC-0357,N/A,35.14064,-106.35377,WGS84,6939.01,N/A
357,BC-0358,N/A,35.15473,-106.32902,WGS84,6750.00,N/A
358,BC-0359,N/A,35.15203,-106.35822,WGS84,6968.01,N/A
359,BC-0360,N/A,35.24162,-106.36089,WGS84,6714.99,N/A
360,BC-0361,N/A,35.16235,-106.36514,WGS84,7154.99,N/A
361,BC-0362,N/A,35.16372,-106.35648,WGS84,6966.01,N/A
362,BC-0363,N/A,35.1537,-106.28049,WGS84,6912.99,N/A
363,CP-0037,N/A,34.40469,-103.17304,WGS84,4236.61,NAVD88
364,EB-132,N/A,35.56985,-106.09683,WGS84,6173.98,NAVD88
365,EB-220,353516106035801,35.58694,-106.06899,WGS84,6259.81,NAVD88
366,EB-306,N/A,35.57743,-106.10877,WGS84,6086.81,NAVD88
367,EB-340,N/A,35.56312,-106.10693,WGS84,6136.16,NAVD88
368,EB-373,N/A,35.60996,-106.08502,WGS84,6262.34,NAVD88
369,EB-390,N/A,35.53705,-106.05141,WGS84,6302.82,NAVD88
370,EB-691,N/A,35.57814,-106.10092,WGS84,6113.39,NAVD88
371,EB-696,N/A,35.57974,-106.06309,WGS84,6216.31,NAVD88
372,GT-002,N/A,34.1977,-107.73173,WGS84,7243.67,NAVD88
373,HS-039,N/A,33.11425,-107.2834,WGS84,4232.58,NAVD88
374,HS-061,N/A,33.1271,-107.25105,WGS84,4241.63,NAVD88
375,LC-010,N/A,35.57281,-106.10568,WGS84,6101.44,NAVD88
376,LC-025,N/A,35.56516,-106.10349,WGS84,6086.68,NAVD88
377,MG-003,N/A,34.08057,-107.21589,WGS84,7168.64,NAVD88
378,MG-004,N/A,34.07804,-107.22761,WGS84,7055.51,NAVD88
379,MG-009,N/A,34.06664,-107.23562,WGS84,7198.56,NAVD88
380,MG-023,N/A,34.05977,-107.22898,WGS84,7337.14,NAVD88
381,MG-030,340606107161201,34.10163,-107.27027,WGS84,6632.48,NAVD88
382,MG-033,N/A,34.13772,-107.19182,WGS84,6344.88,NAVD88
383,MG-034,N/A,34.14389,-107.20448,WGS84,6360.43,NAVD88
384,MG-038,340753107123201,34.13145,-107.2094,WGS84,6409.25,NAVD88
385,MG-039,N/A,34.11146,-107.26612,WGS84,6529.92,NAVD88
386,MG-040,N/A,34.05716,-107.22314,WGS84,7426.12,NAVD88
387,MG-041,N/A,34.11134,-107.26475,WGS84,6531.53,NAVD88
388,MG-043,N/A,34.10253,-107.2718,WGS84,6629.82,NAVD88
389,NM-00037,320118105064501,32.02242,-105.11418,WGS84,3652.00,NAVD88
390,NM-00039,320125105081701,32.02099,-105.14353,WGS84,3694.00,NGVD29
391,NM-00367,324620104255101,32.77345,-104.41341,WGS84,3402.99,NAVD88
392,NM-00643,331524104245101,33.25701,-104.41497,WGS84,3539.99,NAVD88
393,NM-00904,341532106550001,34.26091,-106.94061,WGS84,4800.98,NGVD29
394,NM-01941,320058107452001,32.01657,-107.75627,WGS84,4166.99,NAVD88
395,NM-02402,322504107422401,32.41782,-107.7077,WGS84,4683.01,NAVD88
396,NM-02560,324325104233001,32.72612,-104.38944,WGS84,3381.99,NGVD29
397,NM-05017,320932103443801,32.16041,-103.74155,WGS84,3460.01,NGVD29
398,NM-07039,322830107384201,32.47528,-107.64525,WGS84,4862.99,NAVD88
399,NM-23243,351331106194701,35.22529,-106.33026,WGS84,6556.00,NGVD29
400,NM-23274,351344106195201,35.22899,-106.33162,WGS84,6525.00,NGVD29
401,NM-23281,351347106181801,35.22978,-106.30564,WGS84,6383.01,NGVD29
402,NM-23288,351349106184501,35.23043,-106.3132,WGS84,6508.99,NGVD29
403,NM-23292,351354106180501,35.23185,-106.30184,WGS84,6300.00,NAVD88
404,NM-23298,351356106210201,35.23208,-106.35105,WGS84,6641.99,NGVD29
405,NM-23307,351401106182001,35.23357,-106.30625,WGS84,6358.99,NGVD29
406,NM-23319,351412106185001,35.23674,-106.3146,WGS84,6427.99,NGVD29
407,NM-23320,351412106195201,35.23689,-106.33172,WGS84,6531.99,NGVD29
408,NM-23353,351437106203301,35.24376,-106.34304,WGS84,6516.01,NGVD29
409,NM-23363,351448106190702,35.24678,-106.31908,WGS84,6374.02,NGVD29
410,NM-26614,364643103583701,36.77857,-103.97758,WGS84,7272.01,NAVD88
411,NM-28250,N/A,33.61353,-104.51917,WGS84,3622.01,N/A
412,NM-28251,N/A,33.50926,-104.51898,WGS84,3618.01,N/A
413,NM-28252,N/A,33.43781,-104.51021,WGS84,3581.00,N/A
414,NM-28253,N/A,33.37298,-104.46062,WGS84,512.01,N/A
415,NM-28254,N/A,33.25686,-104.41492,WGS84,3539.01,N/A
416,NM-28255,N/A,33.16753,-104.43031,WGS84,879.99,N/A
417,NM-28256,N/A,33.06672,-104.37075,WGS84,1150.00,N/A
418,NM-28257,N/A,32.97905,-104.4994,WGS84,3529.00,N/A
419,NM-28258,N/A,32.88054,-104.42966,WGS84,3458.99,N/A
420,NM-28259,N/A,32.77344,-104.41324,WGS84,3402.00,N/A
421,PB-0012,N/A,35.57003,-106.37635,WGS84,5208.99,NAVD88
422,PB-0020,N/A,35.57361,-106.33454,WGS84,5272.01,NAVD88
423,PC-002,N/A,35.29865,-106.44705,WGS84,6023.00,NAVD88
424,PC-019,N/A,35.32525,-106.43346,WGS84,5711.19,NAVD88
425,PC-020,N/A,35.32594,-106.43381,WGS84,5718.01,NAVD88
426,PC-029,351747106241701,35.29655,-106.40484,WGS84,6191.99,NAVD88
427,PC-055,N/A,35.3429,-106.39854,WGS84,6027.00,NAVD88
428,PC-102,N/A,35.30443,-106.47826,WGS84,5706.99,NAVD88
429,PC-121,N/A,35.29935,-106.418,WGS84,6337.40,NAVD88
430,QU-004,364247105345201,36.71298,-105.58102,WGS84,7523.52,NAVD88
431,QU-036,N/A,36.65071,-105.60652,WGS84,8333.43,NAVD88
432,QU-158,N/A,36.60418,-105.62585,WGS84,7717.72,NAVD88
433,SA-0009,341243107404801,34.21194,-107.68058,WGS84,7050.43,NAVD88
434,SA-0034,340329107584201,34.05818,-107.97901,WGS84,7198.06,NAVD88
435,SA-0076,340422107370801,34.07285,-107.61885,WGS84,6977.79,NAVD88
436,SA-0134,N/A,33.39884,-107.45134,WGS84,5298.03,NAVD88
437,SA-0135,N/A,33.39677,-107.45165,WGS84,5252.46,NAVD88
438,SA-0231,340711107253401,34.11982,-107.42551,WGS84,7307.09,NAVD88
439,SA-0233,N/A,34.15,-107.81636,WGS84,7383.01,NAVD88
440,SA-0239,N/A,34.13471,-107.86921,WGS84,7516.01,NAVD88
441,SA-0240,N/A,34.13392,-107.869,WGS84,7525.00,NAVD88
442,SM-0001,N/A,32.69315,-105.79442,WGS84,6827.30,NAVD88
443,SM-0049,325115105474201,32.85426,-105.79518,WGS84,9081.50,NAVD88
444,SM-0232,N/A,32.85338,-105.53716,WGS84,6857.51,NAVD88
445,SM-0235,325324105290201,32.88986,-105.48472,WGS84,6584.12,NAVD88
446,SM-0246,325237105103601,32.87759,-105.17757,WGS84,5262.30,NAVD88
447,SM-0257,N/A,32.90454,-105.63014,WGS84,7932.58,NAVD88
448,SM-0258,N/A,32.90548,-105.59389,WGS84,7633.14,NAVD88
449,SM-0259,N/A,32.92188,-105.59313,WGS84,7466.54,NAVD88
450,SO-0127,N/A,34.00301,-106.86971,WGS84,4575.92,NAVD88
451,SO-0184,N/A,33.92489,-106.85203,WGS84,4550.53,NAVD88
452,SO-0255,N/A,33.67941,-106.99775,WGS84,4476.64,NAVD88
453,SO-0260,N/A,33.72332,-106.91457,WGS84,4493.86,NAVD88
454,SV-0122,N/A,35.24767,-106.34668,WGS84,6538.48,NAVD88
455,TB-0029,331612106034301,33.26993,-106.06173,WGS84,4518.11,NAVD88
456,TB-0044,N/A,33.08445,-106.01076,WGS84,4552.72,NAVD88
457,TB-0071,331237106022001,33.21028,-106.03881,WGS84,4590.81,NAVD88
458,TB-0084,325358106013401,32.89936,-106.026,WGS84,4213.09,NAVD88
459,TC-316,N/A,36.95279,-105.62768,WGS84,7596.75,NAVD88
460,TV-121,N/A,36.36567,-105.67953,WGS84,6732.28,NAVD88
461,TV-157,362102105380201,36.35067,-105.63464,WGS84,6932.32,NAVD88
462,TV-196,362117105421101,36.35456,-105.70302,WGS84,6695.87,NAVD88
463,WL-0001,N/A,34.09371,-106.89556,WGS84,4617.09,NAVD88
464,WL-0002,N/A,32.96339,-105.66572,WGS84,8001.21,NAVD88
465,WL-0005,N/A,36.47985,-105.74698,WGS84,7022.21,NAVD88
466,WL-0007,N/A,34.18808,-105.72383,WGS84,7224.25,NAVD88
467,WL-0013,N/A,35.90978,-104.62661,WGS84,6039.99,NAVD88
468,WL-0014,N/A,35.91036,-104.62547,WGS84,6033.01,NAVD88
469,WL-0015,N/A,35.79708,-104.9202,WGS84,6371.00,NAVD88
470,WL-0016,N/A,34.59989,-106.03489,WGS84,6098.00,NAVD88
471,WL-0017,N/A,34.34093,-108.51533,WGS84,6883.99,NAVD88
472,WL-0018,N/A,34.34131,-108.51476,WGS84,6881.00,NAVD88
473,WL-0021,N/A,35.47925,-105.88178,WGS84,6472.01,NAVD88
474,WL-0022,N/A,34.34574,-106.84105,WGS84,4824.02,NAVD88
475,WL-0024,N/A,34.05791,-106.91855,WGS84,4762.99,NAVD88
476,WL-0025,N/A,35.20508,-107.39043,WGS84,6462.01,NAVD88
477,WL-0026,N/A,35.1721,-107.37274,WGS84,6214.99,NAVD88
478,WL-0027,N/A,35.17714,-107.40025,WGS84,6379.00,NAVD88
479,WL-0028,N/A,37.00003,-107.60142,WGS84,6160.01,NAVD88
480,WL-0031,N/A,35.40053,-106.15737,WGS84,6100.98,NAVD88
481,WL-0035,N/A,33.38772,-103.559,WGS84,4198.00,NAVD88
482,WL-0036,N/A,35.23123,-106.49014,WGS84,6877.99,NAVD88
483,WL-0037,N/A,33.30622,-105.64339,WGS84,6718.01,NAVD88
484,WL-0039,N/A,34.02702,-107.27264,WGS84,7300.98,NAVD88
485,WL-0040,N/A,33.41282,-105.68474,WGS84,7469.00,NAVD88
486,WL-0042,N/A,33.41629,-105.68498,WGS84,7402.99,NAVD88
487,WL-0045,N/A,36.5941,-105.64008,WGS84,7423.59,NAVD88
488,WL-0051,N/A,36.5938,-105.65332,WGS84,7297.05,NAVD88
489,WL-0052,N/A,36.58826,-105.65636,WGS84,7202.43,NAVD88
490,WL-0053,N/A,35.82653,-105.40186,WGS84,7438.62,NAVD88
491,WL-0057,N/A,35.3083,-108.10251,WGS84,7479.92,NAVD88
492,WL-0058,N/A,35.27197,-108.12725,WGS84,7533.73,NAVD88
493,WL-0060,N/A,35.53945,-105.25391,WGS84,6474.41,NAVD88
494,WL-0062,N/A,35.71341,-106.75881,WGS84,5868.31,NAVD88
495,WL-0063,N/A,35.09805,-106.66422,WGS84,4959.84,NAVD88
496,WL-0064,N/A,32.92025,-107.57259,WGS84,5268.50,NAVD88
497,WL-0065,N/A,32.92019,-107.57264,WGS84,5268.54,NAVD88
498,WL-0067,N/A,32.73658,-108.18011,WGS84,5826.94,NAVD88
499,WL-0068,N/A,32.73565,-108.17399,WGS84,5837.14,NAVD88
500,WL-0071,N/A,33.02859,-108.16864,WGS84,6166.31,NAVD88
501,WL-0072,N/A,35.5383,-105.26237,WGS84,6551.18,NAVD88
502,WL-0077,N/A,32.29579,-104.16634,WGS84,3133.66,NAVD88
503,WL-0079,N/A,35.55225,-105.7434,WGS84,7331.96,NAVD88
504,WL-0080,N/A,35.55222,-105.74391,WGS84,7338.16,NAVD88
505,WL-0085,N/A,33.70748,-108.75567,WGS84,5743.83,NAVD88
506,WL-0086,N/A,32.75,-108.15204,WGS84,5830.18,NAVD88
507,WL-0090,N/A,32.7439,-108.15083,WGS84,5815.09,NAVD88
508,WL-0093,N/A,34.75946,-106.08738,WGS84,6174.15,NAVD88
509,WL-0095,N/A,32.6617,-103.70947,WGS84,3639.01,N/A
510,WL-0096,N/A,32.61918,-104.06106,WGS84,3312.01,N/A
511,WL-0097,N/A,32.61501,-103.74756,WGS84,3558.01,N/A
512,WL-0098,N/A,32.6151,-103.74761,WGS84,3554.00,N/A
513,WL-0099,N/A,32.61555,-103.74774,WGS84,3577.00,N/A
514,WL-0100,N/A,32.16402,-103.74212,WGS84,3452.00,N/A
515,WL-0101,N/A,32.16233,-103.7437,WGS84,3468.01,N/A
516,WL-0102,N/A,32.15662,-103.74118,WGS84,3450.00,N/A
517,WL-0104,N/A,32.00976,-103.94871,WGS84,2894.00,N/A
518,WL-0105,N/A,32.27249,-103.9868,WGS84,2989.01,N/A
519,WL-0106,N/A,32.06611,-103.89217,WGS84,3091.01,N/A
520,WL-0107,N/A,32.06568,-103.89507,WGS84,3091.01,N/A
521,WL-0108,N/A,32.66171,-103.70997,WGS84,3637.01,NAVD88
522,WL-0109,N/A,34.31094,-108.19003,WGS84,7427.99,NAVD88
523,WL-0114,N/A,34.21056,-103.31905,WGS84,4052.00,NAVD88
524,WL-0115,N/A,36.43254,-103.47856,WGS84,5450.98,NAVD88
525,WL-0121,N/A,35.48066,-105.67119,WGS84,6837.73,NAVD88
526,WL-0122,N/A,35.59127,-105.68819,WGS84,6994.09,NAVD88
527,WL-0123,N/A,35.59199,-105.6893,WGS84,7059.22,NAVD88
528,WL-0124,N/A,35.5485,-108.66621,WGS84,6590.29,NAVD88
529,WL-0130,N/A,34.0615,-106.89714,WGS84,4608.46,NAVD88
530,WL-0131,N/A,34.07583,-106.9079,WGS84,4612.34,NAVD88
531,WL-0136,N/A,34.04596,-106.91997,WGS84,4778.12,NAVD88
532,WL-0137,N/A,36.59513,-105.65672,WGS84,7320.01,NAVD88
533,WL-0140,N/A,35.33885,-106.44147,WGS84,5674.02,NAVD88
534,WL-0141,N/A,35.33436,-106.40212,WGS84,6133.99,NAVD88
535,WL-0142,N/A,35.30775,-106.41308,WGS84,6152.00,NAVD88
536,WL-0145,N/A,35.32402,-106.41472,WGS84,5848.00,NAVD88
537,WL-0147,N/A,35.30602,-106.49134,WGS84,5543.01,NAVD88
538,WL-0148,N/A,35.39582,-105.94442,WGS84,6035.99,NAVD88
539,WL-0149,N/A,35.57008,-105.79686,WGS84,7281.00,NAVD88
540,WL-0150,N/A,35.40066,-106.1562,WGS84,6085.01,NAVD88
541,WL-0151,N/A,35.68673,-106.74951,WGS84,5723.00,NAVD88
542,WL-0153,N/A,35.8043,-106.58734,WGS84,8027.99,NAVD88
543,WL-0155,N/A,35.31363,-106.50308,WGS84,5423.00,NAVD88
544,WL-0156,N/A,35.31369,-106.50281,WGS84,5423.00,NAVD88
545,WL-0157,N/A,35.30081,-106.44811,WGS84,5985.01,NAVD88
546,WL-0159,N/A,35.30215,-106.43737,WGS84,5950.98,NAVD88
547,WL-0160,N/A,35.31077,-106.43556,WGS84,5791.99,NAVD88
548,WL-0164,N/A,33.45439,-103.76596,WGS84,4402.99,NAVD88
549,WL-0168,N/A,33.62664,-104.47286,WGS84,3577.99,NAVD88
550,WL-0172,N/A,33.07332,-104.60034,WGS84,3810.99,NAVD88
551,WL-0176,N/A,33.0398,-104.00966,WGS84,3854.00,NAVD88
552,WL-0177,N/A,33.44794,-108.92324,WGS84,5175.98,NAVD88
553,WL-0178,N/A,33.44764,-108.92146,WGS84,5183.01,NAVD88
554,WL-0179,N/A,35.58963,-105.72894,WGS84,7333.01,NAVD88
555,WL-0183,N/A,35.50577,-105.66696,WGS84,6770.01,NAVD88
556,WL-0187,N/A,35.06996,-108.24871,WGS84,7406.86,NAVD88
557,WL-0188,N/A,33.1885,-103.95182,WGS84,3846.13,NAVD88
558,WL-0189,N/A,33.20711,-103.95411,WGS84,3848.06,NAVD88
559,WL-0190,N/A,33.62514,-103.79429,WGS84,4204.07,NAVD88
560,WL-0191,N/A,33.65355,-103.77579,WGS84,4278.81,NAVD88
561,WL-0198,N/A,32.01008,-105.12476,WGS84,3649.02,NAVD88
562,WL-0199,N/A,32.90856,-104.42919,WGS84,3410.01,NAVD88
563,WL-0203,N/A,32.66731,-108.19194,WGS84,5545.01,NAVD88
564,WL-0204,N/A,35.81417,-105.40995,WGS84,7624.02,NAVD88
565,WL-0205,N/A,33.29707,-103.90313,WGS84,3991.01,NAVD88
566,WL-0206,N/A,35.53831,-105.68319,WGS84,6833.01,NAVD88
567,WL-0207,N/A,35.57868,-105.7584,WGS84,7329.99,NAVD88
568,WL-0213,N/A,36.65693,-106.75274,WGS84,7078.67,NAVD88
569,WL-0215,N/A,36.6506,-106.75443,WGS84,7028.84,NAVD88
570,WL-0217,N/A,32.9185,-107.70769,WGS84,6257.84,NAVD88
571,WL-0218,N/A,32.91697,-107.70868,WGS84,6253.38,NAVD88
572,WL-0219,N/A,32.91529,-107.70793,WGS84,6295.96,NAVD88
573,WL-0227,N/A,32.25153,-107.64545,WGS84,4235.86,NAVD88
574,WL-0228,N/A,32.987,-107.30005,WGS84,4233.40,NAVD88
575,WL-0231,N/A,36.07629,-106.10486,WGS84,5735.04,NAVD88
576,WL-0232,N/A,36.08004,-106.10813,WGS84,5738.06,NAVD88
577,WL-0233,N/A,32.98097,-107.38651,WGS84,4471.39,NAVD88
578,WL-0235,N/A,36.24127,-106.79917,WGS84,7598.62,NAVD88
579,WL-0236,N/A,33.30268,-106.84001,WGS84,5287.57,NAVD88
580,WL-0237,N/A,36.21597,-106.27694,WGS84,5939.99,NAVD88
581,WL-0238,N/A,32.82139,-108.10564,WGS84,6604.99,NAVD88
582,WL-0239,N/A,33.1938,-108.20474,WGS84,5564.99,NAVD88
583,WL-0240,N/A,35.27258,-108.13175,WGS84,7575.98,NAVD88
584,WL-0244,N/A,33.53037,-105.50717,WGS84,6175.98,NAVD88
585,WL-0245,N/A,35.22675,-106.48712,WGS84,6877.00,NAVD88
586,WL-0247,N/A,36.74596,-106.44172,WGS84,8081.00,NAVD88
587,WL-0249,N/A,34.3183,-108.18001,WGS84,7524.02,NAVD88
588,WL-0250,N/A,33.66911,-107.11647,WGS84,4823.00,NAVD88
589,WL-0253,N/A,33.66354,-107.10619,WGS84,4771.00,NAVD88
590,WL-0255,N/A,36.84435,-103.91749,WGS84,6395.01,NAVD88
591,WL-0257,N/A,35.90015,-105.01301,WGS84,6719.00,NAVD88
592,WL-0260,N/A,34.70703,-106.13043,WGS84,6191.99,NAVD88
593,WL-0263,N/A,33.40741,-105.67671,WGS84,7431.99,NAVD88
594,WL-0264,N/A,32.29692,-106.60303,WGS84,5308.01,NAVD88
595,WL-0267,N/A,32.28054,-106.63866,WGS84,4574.02,NAVD88
596,WL-0268,N/A,32.2448,-106.82595,WGS84,3994.00,NAVD88
597,WL-0274,N/A,32.94333,-105.81158,WGS84,7287.99,NAVD88
598,WL-0278,N/A,31.89222,-109.03491,WGS84,4127.99,NAVD88
599,WL-0285,N/A,35.59808,-105.84801,WGS84,7756.00,NAVD88
600,WL-0287,N/A,36.14639,-105.66213,WGS84,8221.00,NAVD88
601,WL-0293,N/A,34.29869,-106.6318,WGS84,5731.99,NAVD88
602,WL-0294,N/A,34.34633,-106.61897,WGS84,5508.01,NAVD88
603,WL-0322,N/A,32.69118,-108.28619,WGS84,0.00,N/A
604,WL-0327,N/A,34.01371,-107.28727,WGS84,0.00,N/A
605,WL-0329,N/A,34.56165,-106.17481,WGS84,6339.01,N/A
606,WL-0331,N/A,35.44418,-105.93878,WGS84,0.00,N/A
607,WL-0344,N/A,33.44286,-104.58213,WGS84,3664.99,N/A
608,WL-0345,N/A,34.13055,-107.20897,WGS84,0.00,N/A
609,WL-0347,N/A,32.24449,-106.82634,WGS84,3997.01,N/A
610,WL-0348,N/A,33.90858,-103.23156,WGS84,4237.99,N/A
611,WL-0349,N/A,32.40828,-106.64032,WGS84,4639.99,N/A
612,WL-0352,N/A,34.29887,-108.13947,WGS84,7745.01,N/A
613,WL-0353,N/A,34.11101,-107.92375,WGS84,7902.00,N/A
614,WL-0356,N/A,34.96394,-106.28693,WGS84,0.00,N/A